maker,name,price
富士通 FUJITSU,FMVF70F3BC [デスクトップパソコン/FMV/FHシリーズ/23.8型ワイド/Ryzen7 5700U/メモリ 16GB/SSD 512GB＋HDD 1TB/BDXLドライブ/Windows 11 Home 64ビット/Office Home and Business 2021/ブラック/ヨドバシカメラ限定モデル],"￥219,800"
富士通 FUJITSU,FMVF70F3BC [デスクトップパソコン/FMV/FHシリーズ/23.8型ワイド/Ryzen7 5700U/メモリ 16GB/SSD 512GB＋HDD 1TB/BDXLドライブ/Windows 11 Home 64ビット/Office Home and Business 2021/ブラック/ヨドバシカメラ限定モデル],"￥219,800"
富士通 FUJITSU,FMVF70F3BC [デスクトップパソコン/FMV/FHシリーズ/23.8型ワイド/Ryzen7 5700U/メモリ 16GB/SSD 512GB＋HDD 1TB/BDXLドライブ/Windows 11 Home 64ビット/Office Home and Business 2021/ブラック/ヨドバシカメラ限定モデル],"￥219,800"
ASUS エイスース,FMVF70F3BC [デスクトップパソコン/FMV/FHシリーズ/23.8型ワイド/Ryzen7 5700U/メモリ 16GB/SSD 512GB＋HDD 1TB/BDXLドライブ/Windows 11 Home 64ビット/Office Home and Business 2021/ブラック/ヨドバシカメラ限定モデル],"￥219,800"
NEC エヌイーシー,FMVF70F3BC [デスクトップパソコン/FMV/FHシリーズ/23.8型ワイド/Ryzen7 5700U/メモリ 16GB/SSD 512GB＋HDD 1TB/BDXLドライブ/Windows 11 Home 64ビット/Office Home and Business 2021/ブラック/ヨドバシカメラ限定モデル],"￥219,800"
DELL デル,FMVF70F3BC [デスクトップパソコン/FMV/FHシリーズ/23.8型ワイド/Ryzen7 5700U/メモリ 16GB/SSD 512GB＋HDD 1TB/BDXLドライブ/Windows 11 Home 64ビット/Office Home and Business 2021/ブラック/ヨドバシカメラ限定モデル],"￥219,800"
NEC エヌイーシー,FMVF70F3BC [デスクトップパソコン/FMV/FHシリーズ/23.8型ワイド/Ryzen7 5700U/メモリ 16GB/SSD 512GB＋HDD 1TB/BDXLドライブ/Windows 11 Home 64ビット/Office Home and Business 2021/ブラック/ヨドバシカメラ限定モデル],"￥219,800"
ASUS エイスース,FMVF70F3BC [デスクトップパソコン/FMV/FHシリーズ/23.8型ワイド/Ryzen7 5700U/メモリ 16GB/SSD 512GB＋HDD 1TB/BDXLドライブ/Windows 11 Home 64ビット/Office Home and Business 2021/ブラック/ヨドバシカメラ限定モデル],"￥219,800"
ガレリア GALLERIA,FMVF70F3BC [デスクトップパソコン/FMV/FHシリーズ/23.8型ワイド/Ryzen7 5700U/メモリ 16GB/SSD 512GB＋HDD 1TB/BDXLドライブ/Windows 11 Home 64ビット/Office Home and Business 2021/ブラック/ヨドバシカメラ限定モデル],"￥219,800"
HP,FMVF70F3BC [デスクトップパソコン/FMV/FHシリーズ/23.8型ワイド/Ryzen7 5700U/メモリ 16GB/SSD 512GB＋HDD 1TB/BDXLドライブ/Windows 11 Home 64ビット/Office Home and Business 2021/ブラック/ヨドバシカメラ限定モデル],"￥219,800"
ガレリア GALLERIA,FMVF70F3BC [デスクトップパソコン/FMV/FHシリーズ/23.8型ワイド/Ryzen7 5700U/メモリ 16GB/SSD 512GB＋HDD 1TB/BDXLドライブ/Windows 11 Home 64ビット/Office Home and Business 2021/ブラック/ヨドバシカメラ限定モデル],"￥219,800"
NEC エヌイーシー,FMVF70F3BC [デスクトップパソコン/FMV/FHシリーズ/23.8型ワイド/Ryzen7 5700U/メモリ 16GB/SSD 512GB＋HDD 1TB/BDXLドライブ/Windows 11 Home 64ビット/Office Home and Business 2021/ブラック/ヨドバシカメラ限定モデル],"￥219,800"
レノボ･ジャパン Lenovo,FMVF70F3BC [デスクトップパソコン/FMV/FHシリーズ/23.8型ワイド/Ryzen7 5700U/メモリ 16GB/SSD 512GB＋HDD 1TB/BDXLドライブ/Windows 11 Home 64ビット/Office Home and Business 2021/ブラック/ヨドバシカメラ限定モデル],"￥219,800"
ミニズフォーラム MINISFORUM,FMVF70F3BC [デスクトップパソコン/FMV/FHシリーズ/23.8型ワイド/Ryzen7 5700U/メモリ 16GB/SSD 512GB＋HDD 1TB/BDXLドライブ/Windows 11 Home 64ビット/Office Home and Business 2021/ブラック/ヨドバシカメラ限定モデル],"￥219,800"
富士通 FUJITSU,FMVF70F3BC [デスクトップパソコン/FMV/FHシリーズ/23.8型ワイド/Ryzen7 5700U/メモリ 16GB/SSD 512GB＋HDD 1TB/BDXLドライブ/Windows 11 Home 64ビット/Office Home and Business 2021/ブラック/ヨドバシカメラ限定モデル],"￥219,800"
DELL デル,FMVF70F3BC [デスクトップパソコン/FMV/FHシリーズ/23.8型ワイド/Ryzen7 5700U/メモリ 16GB/SSD 512GB＋HDD 1TB/BDXLドライブ/Windows 11 Home 64ビット/Office Home and Business 2021/ブラック/ヨドバシカメラ限定モデル],"￥219,800"
HP,FMVF70F3BC [デスクトップパソコン/FMV/FHシリーズ/23.8型ワイド/Ryzen7 5700U/メモリ 16GB/SSD 512GB＋HDD 1TB/BDXLドライブ/Windows 11 Home 64ビット/Office Home and Business 2021/ブラック/ヨドバシカメラ限定モデル],"￥219,800"
ミニズフォーラム MINISFORUM,FMVF70F3BC [デスクトップパソコン/FMV/FHシリーズ/23.8型ワイド/Ryzen7 5700U/メモリ 16GB/SSD 512GB＋HDD 1TB/BDXLドライブ/Windows 11 Home 64ビット/Office Home and Business 2021/ブラック/ヨドバシカメラ限定モデル],"￥219,800"
マウスコンピューター mouse computer,FMVF70F3BC [デスクトップパソコン/FMV/FHシリーズ/23.8型ワイド/Ryzen7 5700U/メモリ 16GB/SSD 512GB＋HDD 1TB/BDXLドライブ/Windows 11 Home 64ビット/Office Home and Business 2021/ブラック/ヨドバシカメラ限定モデル],"￥219,800"
レノボ･ジャパン Lenovo,FMVF70F3BC [デスクトップパソコン/FMV/FHシリーズ/23.8型ワイド/Ryzen7 5700U/メモリ 16GB/SSD 512GB＋HDD 1TB/BDXLドライブ/Windows 11 Home 64ビット/Office Home and Business 2021/ブラック/ヨドバシカメラ限定モデル],"￥219,800"
ミニズフォーラム MINISFORUM,FMVF70F3BC [デスクトップパソコン/FMV/FHシリーズ/23.8型ワイド/Ryzen7 5700U/メモリ 16GB/SSD 512GB＋HDD 1TB/BDXLドライブ/Windows 11 Home 64ビット/Office Home and Business 2021/ブラック/ヨドバシカメラ限定モデル],"￥219,800"
ミニズフォーラム MINISFORUM,FMVF70F3BC [デスクトップパソコン/FMV/FHシリーズ/23.8型ワイド/Ryzen7 5700U/メモリ 16GB/SSD 512GB＋HDD 1TB/BDXLドライブ/Windows 11 Home 64ビット/Office Home and Business 2021/ブラック/ヨドバシカメラ限定モデル],"￥219,800"
NEC エヌイーシー,FMVF70F3BC [デスクトップパソコン/FMV/FHシリーズ/23.8型ワイド/Ryzen7 5700U/メモリ 16GB/SSD 512GB＋HDD 1TB/BDXLドライブ/Windows 11 Home 64ビット/Office Home and Business 2021/ブラック/ヨドバシカメラ限定モデル],"￥219,800"
DELL デル,FMVF70F3BC [デスクトップパソコン/FMV/FHシリーズ/23.8型ワイド/Ryzen7 5700U/メモリ 16GB/SSD 512GB＋HDD 1TB/BDXLドライブ/Windows 11 Home 64ビット/Office Home and Business 2021/ブラック/ヨドバシカメラ限定モデル],"￥219,800"
NEC エヌイーシー,FMVF70F3BC [デスクトップパソコン/FMV/FHシリーズ/23.8型ワイド/Ryzen7 5700U/メモリ 16GB/SSD 512GB＋HDD 1TB/BDXLドライブ/Windows 11 Home 64ビット/Office Home and Business 2021/ブラック/ヨドバシカメラ限定モデル],"￥219,800"
レノボ･ジャパン Lenovo,FMVF70F3BC [デスクトップパソコン/FMV/FHシリーズ/23.8型ワイド/Ryzen7 5700U/メモリ 16GB/SSD 512GB＋HDD 1TB/BDXLドライブ/Windows 11 Home 64ビット/Office Home and Business 2021/ブラック/ヨドバシカメラ限定モデル],"￥219,800"
富士通 FUJITSU,FMVF70F3BC [デスクトップパソコン/FMV/FHシリーズ/23.8型ワイド/Ryzen7 5700U/メモリ 16GB/SSD 512GB＋HDD 1TB/BDXLドライブ/Windows 11 Home 64ビット/Office Home and Business 2021/ブラック/ヨドバシカメラ限定モデル],"￥219,800"
ASUS エイスース,FMVF70F3BC [デスクトップパソコン/FMV/FHシリーズ/23.8型ワイド/Ryzen7 5700U/メモリ 16GB/SSD 512GB＋HDD 1TB/BDXLドライブ/Windows 11 Home 64ビット/Office Home and Business 2021/ブラック/ヨドバシカメラ限定モデル],"￥219,800"
DELL デル,FMVF70F3BC [デスクトップパソコン/FMV/FHシリーズ/23.8型ワイド/Ryzen7 5700U/メモリ 16GB/SSD 512GB＋HDD 1TB/BDXLドライブ/Windows 11 Home 64ビット/Office Home and Business 2021/ブラック/ヨドバシカメラ限定モデル],"￥219,800"
富士通 FUJITSU,FMVF70F3BC [デスクトップパソコン/FMV/FHシリーズ/23.8型ワイド/Ryzen7 5700U/メモリ 16GB/SSD 512GB＋HDD 1TB/BDXLドライブ/Windows 11 Home 64ビット/Office Home and Business 2021/ブラック/ヨドバシカメラ限定モデル],"￥219,800"
HP,FMVF70F3BC [デスクトップパソコン/FMV/FHシリーズ/23.8型ワイド/Ryzen7 5700U/メモリ 16GB/SSD 512GB＋HDD 1TB/BDXLドライブ/Windows 11 Home 64ビット/Office Home and Business 2021/ブラック/ヨドバシカメラ限定モデル],"￥219,800"
DELL デル,FMVF70F3BC [デスクトップパソコン/FMV/FHシリーズ/23.8型ワイド/Ryzen7 5700U/メモリ 16GB/SSD 512GB＋HDD 1TB/BDXLドライブ/Windows 11 Home 64ビット/Office Home and Business 2021/ブラック/ヨドバシカメラ限定モデル],"￥219,800"
マウスコンピューター mouse computer,FMVF70F3BC [デスクトップパソコン/FMV/FHシリーズ/23.8型ワイド/Ryzen7 5700U/メモリ 16GB/SSD 512GB＋HDD 1TB/BDXLドライブ/Windows 11 Home 64ビット/Office Home and Business 2021/ブラック/ヨドバシカメラ限定モデル],"￥219,800"
レノボ･ジャパン Lenovo,FMVF70F3BC [デスクトップパソコン/FMV/FHシリーズ/23.8型ワイド/Ryzen7 5700U/メモリ 16GB/SSD 512GB＋HDD 1TB/BDXLドライブ/Windows 11 Home 64ビット/Office Home and Business 2021/ブラック/ヨドバシカメラ限定モデル],"￥219,800"
マウスコンピューター mouse computer,FMVF70F3BC [デスクトップパソコン/FMV/FHシリーズ/23.8型ワイド/Ryzen7 5700U/メモリ 16GB/SSD 512GB＋HDD 1TB/BDXLドライブ/Windows 11 Home 64ビット/Office Home and Business 2021/ブラック/ヨドバシカメラ限定モデル],"￥219,800"
HP,FMVF70F3BC [デスクトップパソコン/FMV/FHシリーズ/23.8型ワイド/Ryzen7 5700U/メモリ 16GB/SSD 512GB＋HDD 1TB/BDXLドライブ/Windows 11 Home 64ビット/Office Home and Business 2021/ブラック/ヨドバシカメラ限定モデル],"￥219,800"
ミニズフォーラム MINISFORUM,FMVF70F3BC [デスクトップパソコン/FMV/FHシリーズ/23.8型ワイド/Ryzen7 5700U/メモリ 16GB/SSD 512GB＋HDD 1TB/BDXLドライブ/Windows 11 Home 64ビット/Office Home and Business 2021/ブラック/ヨドバシカメラ限定モデル],"￥219,800"
ASUS エイスース,FMVF70F3BC [デスクトップパソコン/FMV/FHシリーズ/23.8型ワイド/Ryzen7 5700U/メモリ 16GB/SSD 512GB＋HDD 1TB/BDXLドライブ/Windows 11 Home 64ビット/Office Home and Business 2021/ブラック/ヨドバシカメラ限定モデル],"￥219,800"
HP,FMVF70F3BC [デスクトップパソコン/FMV/FHシリーズ/23.8型ワイド/Ryzen7 5700U/メモリ 16GB/SSD 512GB＋HDD 1TB/BDXLドライブ/Windows 11 Home 64ビット/Office Home and Business 2021/ブラック/ヨドバシカメラ限定モデル],"￥219,800"
DELL デル,FMVF70F3BC [デスクトップパソコン/FMV/FHシリーズ/23.8型ワイド/Ryzen7 5700U/メモリ 16GB/SSD 512GB＋HDD 1TB/BDXLドライブ/Windows 11 Home 64ビット/Office Home and Business 2021/ブラック/ヨドバシカメラ限定モデル],"￥219,800"
ミニズフォーラム MINISFORUM,FMVF70F3BC [デスクトップパソコン/FMV/FHシリーズ/23.8型ワイド/Ryzen7 5700U/メモリ 16GB/SSD 512GB＋HDD 1TB/BDXLドライブ/Windows 11 Home 64ビット/Office Home and Business 2021/ブラック/ヨドバシカメラ限定モデル],"￥219,800"
HP,FMVF70F3BC [デスクトップパソコン/FMV/FHシリーズ/23.8型ワイド/Ryzen7 5700U/メモリ 16GB/SSD 512GB＋HDD 1TB/BDXLドライブ/Windows 11 Home 64ビット/Office Home and Business 2021/ブラック/ヨドバシカメラ限定モデル],"￥219,800"
Acer エイサー,FMVF70F3BC [デスクトップパソコン/FMV/FHシリーズ/23.8型ワイド/Ryzen7 5700U/メモリ 16GB/SSD 512GB＋HDD 1TB/BDXLドライブ/Windows 11 Home 64ビット/Office Home and Business 2021/ブラック/ヨドバシカメラ限定モデル],"￥219,800"
マウスコンピューター mouse computer,FMVF70F3BC [デスクトップパソコン/FMV/FHシリーズ/23.8型ワイド/Ryzen7 5700U/メモリ 16GB/SSD 512GB＋HDD 1TB/BDXLドライブ/Windows 11 Home 64ビット/Office Home and Business 2021/ブラック/ヨドバシカメラ限定モデル],"￥219,800"
MSI エムエスアイ,FMVF70F3BC [デスクトップパソコン/FMV/FHシリーズ/23.8型ワイド/Ryzen7 5700U/メモリ 16GB/SSD 512GB＋HDD 1TB/BDXLドライブ/Windows 11 Home 64ビット/Office Home and Business 2021/ブラック/ヨドバシカメラ限定モデル],"￥219,800"
ASUS エイスース,FMVF70F3BC [デスクトップパソコン/FMV/FHシリーズ/23.8型ワイド/Ryzen7 5700U/メモリ 16GB/SSD 512GB＋HDD 1TB/BDXLドライブ/Windows 11 Home 64ビット/Office Home and Business 2021/ブラック/ヨドバシカメラ限定モデル],"￥219,800"
レノボ･ジャパン Lenovo,FMVF70F3BC [デスクトップパソコン/FMV/FHシリーズ/23.8型ワイド/Ryzen7 5700U/メモリ 16GB/SSD 512GB＋HDD 1TB/BDXLドライブ/Windows 11 Home 64ビット/Office Home and Business 2021/ブラック/ヨドバシカメラ限定モデル],"￥219,800"
ASUS エイスース,FMVF70F3BC [デスクトップパソコン/FMV/FHシリーズ/23.8型ワイド/Ryzen7 5700U/メモリ 16GB/SSD 512GB＋HDD 1TB/BDXLドライブ/Windows 11 Home 64ビット/Office Home and Business 2021/ブラック/ヨドバシカメラ限定モデル],"￥219,800"
DELL デル,FI577T-CHHBWC [Inspiron 24 5410 フレームレス デスクトップ/Core i7-1255U/メモリ16GB/SSD 512GB/Windows 11 Home/Office Home＆Business 2021/パールホワイト],"￥187,800"
マウスコンピューター mouse computer,FI577T-CHHBWC [Inspiron 24 5410 フレームレス デスクトップ/Core i7-1255U/メモリ16GB/SSD 512GB/Windows 11 Home/Office Home＆Business 2021/パールホワイト],"￥187,800"
ASUS エイスース,FI577T-CHHBWC [Inspiron 24 5410 フレームレス デスクトップ/Core i7-1255U/メモリ16GB/SSD 512GB/Windows 11 Home/Office Home＆Business 2021/パールホワイト],"￥187,800"
HP,FI577T-CHHBWC [Inspiron 24 5410 フレームレス デスクトップ/Core i7-1255U/メモリ16GB/SSD 512GB/Windows 11 Home/Office Home＆Business 2021/パールホワイト],"￥187,800"
ミニズフォーラム MINISFORUM,FI577T-CHHBWC [Inspiron 24 5410 フレームレス デスクトップ/Core i7-1255U/メモリ16GB/SSD 512GB/Windows 11 Home/Office Home＆Business 2021/パールホワイト],"￥187,800"
HP,FI577T-CHHBWC [Inspiron 24 5410 フレームレス デスクトップ/Core i7-1255U/メモリ16GB/SSD 512GB/Windows 11 Home/Office Home＆Business 2021/パールホワイト],"￥187,800"
ミニズフォーラム MINISFORUM,FI577T-CHHBWC [Inspiron 24 5410 フレームレス デスクトップ/Core i7-1255U/メモリ16GB/SSD 512GB/Windows 11 Home/Office Home＆Business 2021/パールホワイト],"￥187,800"
DELL デル,FI577T-CHHBWC [Inspiron 24 5410 フレームレス デスクトップ/Core i7-1255U/メモリ16GB/SSD 512GB/Windows 11 Home/Office Home＆Business 2021/パールホワイト],"￥187,800"
ミニズフォーラム MINISFORUM,FI577T-CHHBWC [Inspiron 24 5410 フレームレス デスクトップ/Core i7-1255U/メモリ16GB/SSD 512GB/Windows 11 Home/Office Home＆Business 2021/パールホワイト],"￥187,800"
マウスコンピューター mouse computer,FI577T-CHHBWC [Inspiron 24 5410 フレームレス デスクトップ/Core i7-1255U/メモリ16GB/SSD 512GB/Windows 11 Home/Office Home＆Business 2021/パールホワイト],"￥187,800"
DELL デル,FI577T-CHHBWC [Inspiron 24 5410 フレームレス デスクトップ/Core i7-1255U/メモリ16GB/SSD 512GB/Windows 11 Home/Office Home＆Business 2021/パールホワイト],"￥187,800"
MSI エムエスアイ,FI577T-CHHBWC [Inspiron 24 5410 フレームレス デスクトップ/Core i7-1255U/メモリ16GB/SSD 512GB/Windows 11 Home/Office Home＆Business 2021/パールホワイト],"￥187,800"
ミニズフォーラム MINISFORUM,FI577T-CHHBWC [Inspiron 24 5410 フレームレス デスクトップ/Core i7-1255U/メモリ16GB/SSD 512GB/Windows 11 Home/Office Home＆Business 2021/パールホワイト],"￥187,800"
NEC エヌイーシー,FI577T-CHHBWC [Inspiron 24 5410 フレームレス デスクトップ/Core i7-1255U/メモリ16GB/SSD 512GB/Windows 11 Home/Office Home＆Business 2021/パールホワイト],"￥187,800"
ミニズフォーラム MINISFORUM,FI577T-CHHBWC [Inspiron 24 5410 フレームレス デスクトップ/Core i7-1255U/メモリ16GB/SSD 512GB/Windows 11 Home/Office Home＆Business 2021/パールホワイト],"￥187,800"
DELL デル,FI577T-CHHBWC [Inspiron 24 5410 フレームレス デスクトップ/Core i7-1255U/メモリ16GB/SSD 512GB/Windows 11 Home/Office Home＆Business 2021/パールホワイト],"￥187,800"
ASUS エイスース,FI577T-CHHBWC [Inspiron 24 5410 フレームレス デスクトップ/Core i7-1255U/メモリ16GB/SSD 512GB/Windows 11 Home/Office Home＆Business 2021/パールホワイト],"￥187,800"
ガレリア GALLERIA,FI577T-CHHBWC [Inspiron 24 5410 フレームレス デスクトップ/Core i7-1255U/メモリ16GB/SSD 512GB/Windows 11 Home/Office Home＆Business 2021/パールホワイト],"￥187,800"
HP,FI577T-CHHBWC [Inspiron 24 5410 フレームレス デスクトップ/Core i7-1255U/メモリ16GB/SSD 512GB/Windows 11 Home/Office Home＆Business 2021/パールホワイト],"￥187,800"
DELL デル,FI577T-CHHBWC [Inspiron 24 5410 フレームレス デスクトップ/Core i7-1255U/メモリ16GB/SSD 512GB/Windows 11 Home/Office Home＆Business 2021/パールホワイト],"￥187,800"
HP,FI577T-CHHBWC [Inspiron 24 5410 フレームレス デスクトップ/Core i7-1255U/メモリ16GB/SSD 512GB/Windows 11 Home/Office Home＆Business 2021/パールホワイト],"￥187,800"
ASUS エイスース,FI577T-CHHBWC [Inspiron 24 5410 フレームレス デスクトップ/Core i7-1255U/メモリ16GB/SSD 512GB/Windows 11 Home/Office Home＆Business 2021/パールホワイト],"￥187,800"
HP,FI577T-CHHBWC [Inspiron 24 5410 フレームレス デスクトップ/Core i7-1255U/メモリ16GB/SSD 512GB/Windows 11 Home/Office Home＆Business 2021/パールホワイト],"￥187,800"
マウスコンピューター mouse computer,FI577T-CHHBWC [Inspiron 24 5410 フレームレス デスクトップ/Core i7-1255U/メモリ16GB/SSD 512GB/Windows 11 Home/Office Home＆Business 2021/パールホワイト],"￥187,800"
DELL デル,FI577T-CHHBWC [Inspiron 24 5410 フレームレス デスクトップ/Core i7-1255U/メモリ16GB/SSD 512GB/Windows 11 Home/Office Home＆Business 2021/パールホワイト],"￥187,800"
【まとめ買い割引】デスクトップパソコン＋セキュリティソフトセット [富士通 FUJITSU FMVF70F3BC デスクトップパソコン/FMV/FHシリーズ/23.8型ワイド/Ryzen7 5700U/メモリ 16GB/SSD 512GB＋HDD 1TB/BDXLドライブ/ブラック＋ウイルスバスター クラウド 3年版],FI577T-CHHBWC [Inspiron 24 5410 フレームレス デスクトップ/Core i7-1255U/メモリ16GB/SSD 512GB/Windows 11 Home/Office Home＆Business 2021/パールホワイト],"￥187,800"
DELL デル,FI577T-CHHBWC [Inspiron 24 5410 フレームレス デスクトップ/Core i7-1255U/メモリ16GB/SSD 512GB/Windows 11 Home/Office Home＆Business 2021/パールホワイト],"￥187,800"
ASUS エイスース,FI577T-CHHBWC [Inspiron 24 5410 フレームレス デスクトップ/Core i7-1255U/メモリ16GB/SSD 512GB/Windows 11 Home/Office Home＆Business 2021/パールホワイト],"￥187,800"
マウスコンピューター mouse computer,FI577T-CHHBWC [Inspiron 24 5410 フレームレス デスクトップ/Core i7-1255U/メモリ16GB/SSD 512GB/Windows 11 Home/Office Home＆Business 2021/パールホワイト],"￥187,800"
ミニズフォーラム MINISFORUM,FI577T-CHHBWC [Inspiron 24 5410 フレームレス デスクトップ/Core i7-1255U/メモリ16GB/SSD 512GB/Windows 11 Home/Office Home＆Business 2021/パールホワイト],"￥187,800"
ミニズフォーラム MINISFORUM,FI577T-CHHBWC [Inspiron 24 5410 フレームレス デスクトップ/Core i7-1255U/メモリ16GB/SSD 512GB/Windows 11 Home/Office Home＆Business 2021/パールホワイト],"￥187,800"
ミニズフォーラム MINISFORUM,FI577T-CHHBWC [Inspiron 24 5410 フレームレス デスクトップ/Core i7-1255U/メモリ16GB/SSD 512GB/Windows 11 Home/Office Home＆Business 2021/パールホワイト],"￥187,800"
アイ･オー･データ機器 I-O DATA,FI577T-CHHBWC [Inspiron 24 5410 フレームレス デスクトップ/Core i7-1255U/メモリ16GB/SSD 512GB/Windows 11 Home/Office Home＆Business 2021/パールホワイト],"￥187,800"
ASUS エイスース,FI577T-CHHBWC [Inspiron 24 5410 フレームレス デスクトップ/Core i7-1255U/メモリ16GB/SSD 512GB/Windows 11 Home/Office Home＆Business 2021/パールホワイト],"￥187,800"
MSI エムエスアイ,FI577T-CHHBWC [Inspiron 24 5410 フレームレス デスクトップ/Core i7-1255U/メモリ16GB/SSD 512GB/Windows 11 Home/Office Home＆Business 2021/パールホワイト],"￥187,800"
ASUS エイスース,FI577T-CHHBWC [Inspiron 24 5410 フレームレス デスクトップ/Core i7-1255U/メモリ16GB/SSD 512GB/Windows 11 Home/Office Home＆Business 2021/パールホワイト],"￥187,800"
レノボ･ジャパン Lenovo,FI577T-CHHBWC [Inspiron 24 5410 フレームレス デスクトップ/Core i7-1255U/メモリ16GB/SSD 512GB/Windows 11 Home/Office Home＆Business 2021/パールホワイト],"￥187,800"
CHUWI,FI577T-CHHBWC [Inspiron 24 5410 フレームレス デスクトップ/Core i7-1255U/メモリ16GB/SSD 512GB/Windows 11 Home/Office Home＆Business 2021/パールホワイト],"￥187,800"
ASUS エイスース,FI577T-CHHBWC [Inspiron 24 5410 フレームレス デスクトップ/Core i7-1255U/メモリ16GB/SSD 512GB/Windows 11 Home/Office Home＆Business 2021/パールホワイト],"￥187,800"
マウスコンピューター mouse computer,FI577T-CHHBWC [Inspiron 24 5410 フレームレス デスクトップ/Core i7-1255U/メモリ16GB/SSD 512GB/Windows 11 Home/Office Home＆Business 2021/パールホワイト],"￥187,800"
アイ･オー･データ機器 I-O DATA,FI577T-CHHBWC [Inspiron 24 5410 フレームレス デスクトップ/Core i7-1255U/メモリ16GB/SSD 512GB/Windows 11 Home/Office Home＆Business 2021/パールホワイト],"￥187,800"
DELL デル,FI577T-CHHBWC [Inspiron 24 5410 フレームレス デスクトップ/Core i7-1255U/メモリ16GB/SSD 512GB/Windows 11 Home/Office Home＆Business 2021/パールホワイト],"￥187,800"
レノボ･ジャパン Lenovo,FI577T-CHHBWC [Inspiron 24 5410 フレームレス デスクトップ/Core i7-1255U/メモリ16GB/SSD 512GB/Windows 11 Home/Office Home＆Business 2021/パールホワイト],"￥187,800"
MSI エムエスアイ,FI577T-CHHBWC [Inspiron 24 5410 フレームレス デスクトップ/Core i7-1255U/メモリ16GB/SSD 512GB/Windows 11 Home/Office Home＆Business 2021/パールホワイト],"￥187,800"
ECS イーシーエス,FI577T-CHHBWC [Inspiron 24 5410 フレームレス デスクトップ/Core i7-1255U/メモリ16GB/SSD 512GB/Windows 11 Home/Office Home＆Business 2021/パールホワイト],"￥187,800"
ECS イーシーエス,FI577T-CHHBWC [Inspiron 24 5410 フレームレス デスクトップ/Core i7-1255U/メモリ16GB/SSD 512GB/Windows 11 Home/Office Home＆Business 2021/パールホワイト],"￥187,800"
ASUS エイスース,FI577T-CHHBWC [Inspiron 24 5410 フレームレス デスクトップ/Core i7-1255U/メモリ16GB/SSD 512GB/Windows 11 Home/Office Home＆Business 2021/パールホワイト],"￥187,800"
ASUS エイスース,FI577T-CHHBWC [Inspiron 24 5410 フレームレス デスクトップ/Core i7-1255U/メモリ16GB/SSD 512GB/Windows 11 Home/Office Home＆Business 2021/パールホワイト],"￥187,800"
【まとめ買い割引】デスクトップパソコン＋セキュリティソフトセット [ミニズフォーラム MINISFORUM N40-4/64-W10Pro（N4020） 小型デスクトップパソコン/CPU：Intel Celeron Processor N4020/メモリ：4GB/ストレージ：eMMC 64GB＋ウイルスバスター クラウド 3年版],【まとめ買い割引】デスクトップパソコン＋セキュリティソフトセット [ミニズフォーラム MINISFORUM N40-4/64-W10Pro（N4020） 小型デスクトップパソコン/CPU：Intel Celeron Processor N4020/メモリ：4GB/ストレージ：eMMC 64GB＋ウイルスバスター クラウド 3年版],"￥34,190"
ECS イーシーエス,【まとめ買い割引】デスクトップパソコン＋セキュリティソフトセット [ミニズフォーラム MINISFORUM N40-4/64-W10Pro（N4020） 小型デスクトップパソコン/CPU：Intel Celeron Processor N4020/メモリ：4GB/ストレージ：eMMC 64GB＋ウイルスバスター クラウド 3年版],"￥34,190"
レノボ･ジャパン Lenovo,【まとめ買い割引】デスクトップパソコン＋セキュリティソフトセット [ミニズフォーラム MINISFORUM N40-4/64-W10Pro（N4020） 小型デスクトップパソコン/CPU：Intel Celeron Processor N4020/メモリ：4GB/ストレージ：eMMC 64GB＋ウイルスバスター クラウド 3年版],"￥34,190"
マウスコンピューター mouse computer,【まとめ買い割引】デスクトップパソコン＋セキュリティソフトセット [ミニズフォーラム MINISFORUM N40-4/64-W10Pro（N4020） 小型デスクトップパソコン/CPU：Intel Celeron Processor N4020/メモリ：4GB/ストレージ：eMMC 64GB＋ウイルスバスター クラウド 3年版],"￥34,190"
レノボ･ジャパン Lenovo,【まとめ買い割引】デスクトップパソコン＋セキュリティソフトセット [ミニズフォーラム MINISFORUM N40-4/64-W10Pro（N4020） 小型デスクトップパソコン/CPU：Intel Celeron Processor N4020/メモリ：4GB/ストレージ：eMMC 64GB＋ウイルスバスター クラウド 3年版],"￥34,190"
ECS イーシーエス,【まとめ買い割引】デスクトップパソコン＋セキュリティソフトセット [ミニズフォーラム MINISFORUM N40-4/64-W10Pro（N4020） 小型デスクトップパソコン/CPU：Intel Celeron Processor N4020/メモリ：4GB/ストレージ：eMMC 64GB＋ウイルスバスター クラウド 3年版],"￥34,190"
【まとめ買い割引】デスクトップパソコン＋セキュリティソフトセット [ミニズフォーラム MINISFORUM HM50-16/512-W10Pro（4500U） 小型デスクトップパソコン/CPU：AMD Ryzen 5 4500U/メモリ：16GB/ストレージ：M.2 SSD NVMe 512GB＋ウイルスバスター クラウド 3年版],【まとめ買い割引】デスクトップパソコン＋セキュリティソフトセット [ミニズフォーラム MINISFORUM N40-4/64-W10Pro（N4020） 小型デスクトップパソコン/CPU：Intel Celeron Processor N4020/メモリ：4GB/ストレージ：eMMC 64GB＋ウイルスバスター クラウド 3年版],"￥34,190"
【まとめ買い割引】デスクトップパソコン＋セキュリティソフトセット [ミニズフォーラム MINISFORUM HX90-32/512-W10Pro（5900HX） 小型デスクトップパソコン/AMD Ryzen 9 5900HX/メモリ 32GB/ストレージ M.2 2280 SSD NVMe 512GB＋ウイルスバスター クラウド 3年版],【まとめ買い割引】デスクトップパソコン＋セキュリティソフトセット [ミニズフォーラム MINISFORUM N40-4/64-W10Pro（N4020） 小型デスクトップパソコン/CPU：Intel Celeron Processor N4020/メモリ：4GB/ストレージ：eMMC 64GB＋ウイルスバスター クラウド 3年版],"￥34,190"
アイ･オー･データ機器 I-O DATA,【まとめ買い割引】デスクトップパソコン＋セキュリティソフトセット [ミニズフォーラム MINISFORUM N40-4/64-W10Pro（N4020） 小型デスクトップパソコン/CPU：Intel Celeron Processor N4020/メモリ：4GB/ストレージ：eMMC 64GB＋ウイルスバスター クラウド 3年版],"￥34,190"
DELL デル,【まとめ買い割引】デスクトップパソコン＋セキュリティソフトセット [ミニズフォーラム MINISFORUM N40-4/64-W10Pro（N4020） 小型デスクトップパソコン/CPU：Intel Celeron Processor N4020/メモリ：4GB/ストレージ：eMMC 64GB＋ウイルスバスター クラウド 3年版],"￥34,190"
DELL デル,【まとめ買い割引】デスクトップパソコン＋セキュリティソフトセット [ミニズフォーラム MINISFORUM N40-4/64-W10Pro（N4020） 小型デスクトップパソコン/CPU：Intel Celeron Processor N4020/メモリ：4GB/ストレージ：eMMC 64GB＋ウイルスバスター クラウド 3年版],"￥34,190"
レノボ･ジャパン Lenovo,【まとめ買い割引】デスクトップパソコン＋セキュリティソフトセット [ミニズフォーラム MINISFORUM N40-4/64-W10Pro（N4020） 小型デスクトップパソコン/CPU：Intel Celeron Processor N4020/メモリ：4GB/ストレージ：eMMC 64GB＋ウイルスバスター クラウド 3年版],"￥34,190"
レノボ･ジャパン Lenovo,【まとめ買い割引】デスクトップパソコン＋セキュリティソフトセット [ミニズフォーラム MINISFORUM N40-4/64-W10Pro（N4020） 小型デスクトップパソコン/CPU：Intel Celeron Processor N4020/メモリ：4GB/ストレージ：eMMC 64GB＋ウイルスバスター クラウド 3年版],"￥34,190"
ECS イーシーエス,【まとめ買い割引】デスクトップパソコン＋セキュリティソフトセット [ミニズフォーラム MINISFORUM N40-4/64-W10Pro（N4020） 小型デスクトップパソコン/CPU：Intel Celeron Processor N4020/メモリ：4GB/ストレージ：eMMC 64GB＋ウイルスバスター クラウド 3年版],"￥34,190"
ミニズフォーラム MINISFORUM,【まとめ買い割引】デスクトップパソコン＋セキュリティソフトセット [ミニズフォーラム MINISFORUM N40-4/64-W10Pro（N4020） 小型デスクトップパソコン/CPU：Intel Celeron Processor N4020/メモリ：4GB/ストレージ：eMMC 64GB＋ウイルスバスター クラウド 3年版],"￥34,190"
ECS イーシーエス,【まとめ買い割引】デスクトップパソコン＋セキュリティソフトセット [ミニズフォーラム MINISFORUM N40-4/64-W10Pro（N4020） 小型デスクトップパソコン/CPU：Intel Celeron Processor N4020/メモリ：4GB/ストレージ：eMMC 64GB＋ウイルスバスター クラウド 3年版],"￥34,190"
ECS イーシーエス,【まとめ買い割引】デスクトップパソコン＋セキュリティソフトセット [ミニズフォーラム MINISFORUM N40-4/64-W10Pro（N4020） 小型デスクトップパソコン/CPU：Intel Celeron Processor N4020/メモリ：4GB/ストレージ：eMMC 64GB＋ウイルスバスター クラウド 3年版],"￥34,190"
アイ･オー･データ機器 I-O DATA,【まとめ買い割引】デスクトップパソコン＋セキュリティソフトセット [ミニズフォーラム MINISFORUM N40-4/64-W10Pro（N4020） 小型デスクトップパソコン/CPU：Intel Celeron Processor N4020/メモリ：4GB/ストレージ：eMMC 64GB＋ウイルスバスター クラウド 3年版],"￥34,190"
ASUS エイスース,【まとめ買い割引】デスクトップパソコン＋セキュリティソフトセット [ミニズフォーラム MINISFORUM N40-4/64-W10Pro（N4020） 小型デスクトップパソコン/CPU：Intel Celeron Processor N4020/メモリ：4GB/ストレージ：eMMC 64GB＋ウイルスバスター クラウド 3年版],"￥34,190"
HP,【まとめ買い割引】デスクトップパソコン＋セキュリティソフトセット [ミニズフォーラム MINISFORUM N40-4/64-W10Pro（N4020） 小型デスクトップパソコン/CPU：Intel Celeron Processor N4020/メモリ：4GB/ストレージ：eMMC 64GB＋ウイルスバスター クラウド 3年版],"￥34,190"
HP,【まとめ買い割引】デスクトップパソコン＋セキュリティソフトセット [ミニズフォーラム MINISFORUM N40-4/64-W10Pro（N4020） 小型デスクトップパソコン/CPU：Intel Celeron Processor N4020/メモリ：4GB/ストレージ：eMMC 64GB＋ウイルスバスター クラウド 3年版],"￥34,190"
レノボ･ジャパン Lenovo,【まとめ買い割引】デスクトップパソコン＋セキュリティソフトセット [ミニズフォーラム MINISFORUM N40-4/64-W10Pro（N4020） 小型デスクトップパソコン/CPU：Intel Celeron Processor N4020/メモリ：4GB/ストレージ：eMMC 64GB＋ウイルスバスター クラウド 3年版],"￥34,190"
レノボ･ジャパン Lenovo,【まとめ買い割引】デスクトップパソコン＋セキュリティソフトセット [ミニズフォーラム MINISFORUM N40-4/64-W10Pro（N4020） 小型デスクトップパソコン/CPU：Intel Celeron Processor N4020/メモリ：4GB/ストレージ：eMMC 64GB＋ウイルスバスター クラウド 3年版],"￥34,190"
レノボ･ジャパン Lenovo,【まとめ買い割引】デスクトップパソコン＋セキュリティソフトセット [ミニズフォーラム MINISFORUM N40-4/64-W10Pro（N4020） 小型デスクトップパソコン/CPU：Intel Celeron Processor N4020/メモリ：4GB/ストレージ：eMMC 64GB＋ウイルスバスター クラウド 3年版],"￥34,190"
レノボ･ジャパン Lenovo,【まとめ買い割引】デスクトップパソコン＋セキュリティソフトセット [ミニズフォーラム MINISFORUM N40-4/64-W10Pro（N4020） 小型デスクトップパソコン/CPU：Intel Celeron Processor N4020/メモリ：4GB/ストレージ：eMMC 64GB＋ウイルスバスター クラウド 3年版],"￥34,190"
ECS イーシーエス,【まとめ買い割引】デスクトップパソコン＋セキュリティソフトセット [ミニズフォーラム MINISFORUM N40-4/64-W10Pro（N4020） 小型デスクトップパソコン/CPU：Intel Celeron Processor N4020/メモリ：4GB/ストレージ：eMMC 64GB＋ウイルスバスター クラウド 3年版],"￥34,190"
レノボ･ジャパン Lenovo,【まとめ買い割引】デスクトップパソコン＋セキュリティソフトセット [ミニズフォーラム MINISFORUM N40-4/64-W10Pro（N4020） 小型デスクトップパソコン/CPU：Intel Celeron Processor N4020/メモリ：4GB/ストレージ：eMMC 64GB＋ウイルスバスター クラウド 3年版],"￥34,190"
レノボ･ジャパン Lenovo,【まとめ買い割引】デスクトップパソコン＋セキュリティソフトセット [ミニズフォーラム MINISFORUM N40-4/64-W10Pro（N4020） 小型デスクトップパソコン/CPU：Intel Celeron Processor N4020/メモリ：4GB/ストレージ：eMMC 64GB＋ウイルスバスター クラウド 3年版],"￥34,190"
ECS イーシーエス,【まとめ買い割引】デスクトップパソコン＋セキュリティソフトセット [ミニズフォーラム MINISFORUM N40-4/64-W10Pro（N4020） 小型デスクトップパソコン/CPU：Intel Celeron Processor N4020/メモリ：4GB/ストレージ：eMMC 64GB＋ウイルスバスター クラウド 3年版],"￥34,190"
レノボ･ジャパン Lenovo,【まとめ買い割引】デスクトップパソコン＋セキュリティソフトセット [ミニズフォーラム MINISFORUM N40-4/64-W10Pro（N4020） 小型デスクトップパソコン/CPU：Intel Celeron Processor N4020/メモリ：4GB/ストレージ：eMMC 64GB＋ウイルスバスター クラウド 3年版],"￥34,190"
HP,【まとめ買い割引】デスクトップパソコン＋セキュリティソフトセット [ミニズフォーラム MINISFORUM N40-4/64-W10Pro（N4020） 小型デスクトップパソコン/CPU：Intel Celeron Processor N4020/メモリ：4GB/ストレージ：eMMC 64GB＋ウイルスバスター クラウド 3年版],"￥34,190"
ECS イーシーエス,【まとめ買い割引】デスクトップパソコン＋セキュリティソフトセット [ミニズフォーラム MINISFORUM N40-4/64-W10Pro（N4020） 小型デスクトップパソコン/CPU：Intel Celeron Processor N4020/メモリ：4GB/ストレージ：eMMC 64GB＋ウイルスバスター クラウド 3年版],"￥34,190"
ECS イーシーエス,【まとめ買い割引】デスクトップパソコン＋セキュリティソフトセット [ミニズフォーラム MINISFORUM N40-4/64-W10Pro（N4020） 小型デスクトップパソコン/CPU：Intel Celeron Processor N4020/メモリ：4GB/ストレージ：eMMC 64GB＋ウイルスバスター クラウド 3年版],"￥34,190"
レノボ･ジャパン Lenovo,【まとめ買い割引】デスクトップパソコン＋セキュリティソフトセット [ミニズフォーラム MINISFORUM N40-4/64-W10Pro（N4020） 小型デスクトップパソコン/CPU：Intel Celeron Processor N4020/メモリ：4GB/ストレージ：eMMC 64GB＋ウイルスバスター クラウド 3年版],"￥34,190"
ECS イーシーエス,【まとめ買い割引】デスクトップパソコン＋セキュリティソフトセット [ミニズフォーラム MINISFORUM N40-4/64-W10Pro（N4020） 小型デスクトップパソコン/CPU：Intel Celeron Processor N4020/メモリ：4GB/ストレージ：eMMC 64GB＋ウイルスバスター クラウド 3年版],"￥34,190"
レノボ･ジャパン Lenovo,【まとめ買い割引】デスクトップパソコン＋セキュリティソフトセット [ミニズフォーラム MINISFORUM N40-4/64-W10Pro（N4020） 小型デスクトップパソコン/CPU：Intel Celeron Processor N4020/メモリ：4GB/ストレージ：eMMC 64GB＋ウイルスバスター クラウド 3年版],"￥34,190"
